WAP,WAPProject
L36/0321,Scottech Data Project
M35/10375,Scottech Data Project
K37/1439,Scottech Data Project
J38/0038,Scottech Data Project
I40/0604,Scottech Data Project
K38/0736,Scottech Data Project
J40/0050,Scottech Data Project
L36/1503,Scottech Data Project
L37/0132,Scottech Data Project
M34/0470,Scottech Data Project
K38/0712,Scottech Data Project
L36/1576,Scottech Data Project
L36/1577,Scottech Data Project
L36/1700,Scottech Data Project
L36/1702,Scottech Data Project
K37/1990,Scottech Data Project
K37/0348,Scottech Data Project
L36/1819,Scottech Data Project
K38/0351,Scottech Data Project
K38/2278,Scottech Data Project
I37/0011,Scottech Data Project
M36/8396,Scottech Data Project
M36/4623,Scottech Data Project
K37/0452,Scottech Data Project
K37/1583,Scottech Data Project
K37/1659,Scottech Data Project
J40/0717,Scottech Data Project
K38/0722,Scottech Data Project
I40/0621,Scottech Data Project
I40/0622,Scottech Data Project
I40/0620,Scottech Data Project
L37/1774,Scottech Data Project
K38/1319,Scottech Data Project
K37/1334,Scottech Data Project
H39/0162,Scottech Data Project
K37/2590,Scottech Data Project
K37/2591,Scottech Data Project
M35/17881,Scottech Data Project
M36/8125,Scottech Data Project
M35/7200,Scottech Data Project
K37/2274,Scottech Data Project
K37/2275,Scottech Data Project
M35/9344,Scottech Data Project
K38/0233,Scottech Data Project
L37/1284,Scottech Data Project
L37/1248,Scottech Data Project
L37/1250,Scottech Data Project
M36/4541,Scottech Data Project
L36/2265,Scottech Data Project
I40/0584,Scottech Data Project
K37/1735,Scottech Data Project
J36/0010,Pending Data Cleaning Project
N32/0276,Pending Data Cleaning Project
M35/11631,Pending Data Cleaning Project
L37/1751,Pending Data Cleaning Project
BX24/1312,Pending Data Cleaning Project
L36/1779,Pending Data Cleaning Project
CB17/5007,Pending Data Cleaning Project
L36/0329,Pending Data Cleaning Project
L36/1048,Pending Data Cleaning Project
L36/2329,Pending Data Cleaning Project
L36/1779 ,Pending Data Cleaning Project
L36/1099 ,Pending Data Cleaning Project
I40/0689,Pending Data Cleaning Project
BW23/0401,Pending Data Cleaning Project
L35/0959,Pending Data Cleaning Project
N33/0389,Pending Data Cleaning Project
O31/0106,Pending Data Cleaning Project
J41/0198,Pending Data Cleaning Project
M36/7595,Pending Data Cleaning Project
N32/0414,Pending Data Cleaning Project
L36/1492,Pending Data Cleaning Project
M35/1197,Pending Data Cleaning Project
M35/5930,Pending Data Cleaning Project
J40/0400,Pending Data Cleaning Project
CB19/5034,Pending Data Cleaning Project
O32/0073,Pending Data Cleaning Project
J37/0257,Pending Data Cleaning Project
L37/0041,Pending Data Cleaning Project
L36/0243,Pending Data Cleaning Project
BY17/0034,Pending Data Cleaning Project
M36/20246,Pending Data Cleaning Project
M36/4618,Pending Data Cleaning Project
M36/3910,Pending Data Cleaning Project
M35/11230,Pending Data Cleaning Project
M35/11174,Pending Data Cleaning Project
N32/0394,Pending Data Cleaning Project
BU24/0011,Pending Data Cleaning Project
J38/0155,Pending Data Cleaning Project
BZ20/0055,Pending Data Cleaning Project
J38/0119,Pending Data Cleaning Project
K38/1915,Pending Data Cleaning Project
K38/2326,Pending Data Cleaning Project
N32/0320,Pending Data Cleaning Project
BT27/5001,Pending Data Cleaning Project
BY23/0756,Pending Data Cleaning Project
K36/0857,Pending Data Cleaning Project
L36/2033,Pending Data Cleaning Project
J40/0940,Pending Data Cleaning Project
N32/0049,Pending Data Cleaning Project
BX23/0270,Pending Data Cleaning Project
K38/1417,Pending Data Cleaning Project
BY21/0082,Pending Data Cleaning Project
H40/0014,Pending Data Cleaning Project
BX23/0707,Pending Data Cleaning Project
M35/11224,Pending Data Cleaning Project
L36/1362,Pending Data Cleaning Project
K36/0677,Pending Data Cleaning Project
N33/0349,Pending Data Cleaning Project
J39/0442,Pending Data Cleaning Project
L35/0279,Pending Data Cleaning Project
M35/6040,Pending Data Cleaning Project
M35/18384,Pending Data Cleaning Project
K37/2324,Pending Data Cleaning Project
I37/0058,Pending Data Cleaning Project
BX23/0755,Pending Data Cleaning Project
M36/4620,Pending Data Cleaning Project
L36/0593,Pending Data Cleaning Project
M36/4702,Pending Data Cleaning Project
J40/0923,Pending Data Cleaning Project
J40/0924,Pending Data Cleaning Project
J40/0925,Pending Data Cleaning Project
K37/2871,Pending Data Cleaning Project
BV24/0004,Pending Data Cleaning Project
BZ19/0146,Pending Data Cleaning Project
J38/0331,Pending Data Cleaning Project
BX24/0192,Pending Data Cleaning Project
BX24/0193,Pending Data Cleaning Project
BX24/0194,Pending Data Cleaning Project
BX24/0195,Pending Data Cleaning Project
M35/9440,Pending Data Cleaning Project
M35/0257,Pending Data Cleaning Project
L36/2102,Pending Data Cleaning Project
I38/0012,Pending Data Cleaning Project
K36/1025,Pending Data Cleaning Project
