ConsentNo,ConsentProject
CRC002108,TLA project
CRC011923,TLA project
CRC022026,TLA project
CRC031004.2,TLA project
CRC041517,TLA project
CRC050225.1,TLA project
CRC051262.1,TLA project
CRC052628,TLA project
CRC073787,TLA project
CRC120547,TLA project
CRC169467,TLA project
CRC169499,TLA project
CRC169502,TLA project
CRC169504,TLA project
CRC170019,TLA project
CRC980563,TLA project
CRC980747.1,TLA project
CRC991485,TLA project
CRC991612,TLA project
CRC991613,TLA project
CRC000534.1,TLA project
CRC011438,TLA project
CRC011801,TLA project
CRC011997,TLA project
CRC011998,TLA project
CRC011999,TLA project
CRC032149,TLA project
CRC054175,TLA project
CRC071755,TLA project
CRC073807,TLA project
CRC090888.1,TLA project
CRC101862,TLA project
CRC130057,TLA project
CRC142901,TLA project
CRC146757,TLA project
CRC191331,TLA project
CRC920828A,TLA project
CRC920829B,TLA project
CRC940914,TLA project
CRC941233,TLA project
CRC970730.1,TLA project
CRC972681,TLA project
CRC990756,TLA project
CRC990857,TLA project
CRC991339,TLA project
CRC992091,TLA project
CRC000624.1,TLA project
CRC146483,TLA project
CRC164281,TLA project
CRC175836,TLA project
CRC184025,TLA project
CRC002014,TLA project
CRC002016,TLA project
CRC002021,TLA project
CRC002023,TLA project
CRC002024,TLA project
CRC002025,TLA project
CRC002026,TLA project
CRC011428,TLA project
CRC030749,TLA project
CRC042081,TLA project
CRC062919,TLA project
CRC093817,TLA project
CRC111634,TLA project
CRC135138,TLA project
CRC136767,TLA project
CRC154223,TLA project
CRC156528,TLA project
CRC156556,TLA project
CRC161302,TLA project
CRC175709,TLA project
CRC980468,TLA project
CRC981241,TLA project
CRC981514,TLA project
CRC011818,TLA project
CRC042702.1,TLA project
CRC054849,TLA project
CRC163587,TLA project
CRC981641.1,TLA project
CRC020122,TLA project
CRC020124.1,TLA project
CRC042741,TLA project
CRC091571,TLA project
CRC091574,TLA project
CRC176495,TLA project
CRC971414,TLA project
CRC972264,TLA project
CRC990686,TLA project
SCY700181,TLA project
CRC010889,TLA project
CRC010891.1,TLA project
CRC010895.1,TLA project
CRC010900,TLA project
CRC010904,TLA project
CRC010905,TLA project
CRC011678,TLA project
CRC011996,TLA project
CRC011996,TLA project
CRC012006,TLA project
CRC090427,TLA project
CRC121242,TLA project
CRC134786,TLA project
CRC143985,TLA project
CRC153238,TLA project
CRC154454,TLA project
CRC155932,TLA project
CRC155937,TLA project
CRC158020,TLA project
CRC160101,TLA project
CRC160628,TLA project
CRC160916,TLA project
CRC161101,TLA project
CRC161472,TLA project
CRC164009,TLA project
CRC169800,TLA project
CRC169801,TLA project
CRC171191,TLA project
CRC172261,TLA project
CRC172478,TLA project
CRC172760,TLA project
CRC173494,TLA project
CRC173785,TLA project
CRC173786,TLA project
CRC175045,TLA project
CRC181080,TLA project
CRC183129,TLA project
CRC950937.1,TLA project
CRC962217,TLA project
CRC970985.1,TLA project
CRC980739,TLA project
CRC981830,TLA project
CRC991053,TLA project
CRC991054,TLA project
CRC991055.1,TLA project
CRC991057,TLA project
CRC991423,TLA project
CRC991530.1,TLA project
CRC010349,TLA project
CRC010393.1,TLA project
CRC011399,TLA project
CRC012183,TLA project
CRC012184,TLA project
CRC012876,TLA project
CRC064043,TLA project
CRC093305,TLA project
CRC101875,TLA project
CRC167644,TLA project
CRC173644,TLA project
CRC951261,TLA project
CRC981008.2,TLA project
CRC992573,TLA project
CRC992618.1,TLA project
CRC021733,TLA project
CRC021737,TLA project
CRC063540.1,TLA project
CRC074057,TLA project
CRC081320,TLA project
CRC094229,TLA project
CRC111974,TLA project
CRC144773,TLA project
CRC160704,TLA project
CRC167260,TLA project
CRC167262,TLA project
CRC167359,TLA project
CRC169510,TLA project
CRC172249,TLA project
CRC186214,TLA project
CRC190900,TLA project
CRC970304,TLA project
CRC970305,TLA project
CRC970306,TLA project
CRC990925,TLA project
CRC990926.1,TLA project
CRC990927,TLA project
CRC990929,TLA project
CRC990930.1,TLA project
CRC990931.1,TLA project
CRC990932,TLA project
CRC990952.1,TLA project
CRC990952.1,TLA project
CRC084606,TLA project
CRC084608,TLA project
CRC092155,TLA project
CRC122551,TLA project
CRC940845,TLA project
CRC940846,TLA project
CRC962154.1,TLA project
CRC980386,TLA project
CRC981876.1,TLA project
CRC992171.1,TLA project
CRC000320.1,TLA project
CRC001915,TLA project
CRC002152,TLA project
CRC011743.1,TLA project
CRC084382,TLA project
CRC940476,TLA project
CRC940477,TLA project
CRC960857,TLA project
CRC980559,TLA project
CRC982133,TLA project
CRC172973,Electricity Providor project
CRC173013,Electricity Providor project
CRC173064,Electricity Providor project
CRC173079,Electricity Providor project
CRC173092,Electricity Providor project
CRC173115,Electricity Providor project
CRC173118,Electricity Providor project
CRC173172,Electricity Providor project
CRC180721,Electricity Providor project
CRC905321.7,Electricity Providor project
CRC905324.1,Electricity Providor project
CRC905330.3,Electricity Providor project
CRC905331.1,Electricity Providor project
CRC905335.3,Electricity Providor project
CRC905338.1,Electricity Providor project
CRC905339.1,Electricity Providor project
CRC905340.1,Electricity Providor project
CRC905344.4,Electricity Providor project
CRC905345.1,Electricity Providor project
CRC905351.3,Electricity Providor project
CRC905352.1,Electricity Providor project
CRC905356.2,Electricity Providor project
CRC905360.1,Electricity Providor project
CRC920354A.1,Electricity Providor project
CRC905302.3,Electricity Providor project
CRC905303.2,Electricity Providor project
CRC905305.2,Electricity Providor project
CRC905306.3,Electricity Providor project
CRC905307.2,Electricity Providor project
CRC905308.2,Electricity Providor project
CRC905319.2,Electricity Providor project
CRC951545.2,Electricity Providor project
CRC103544.1,Electricity Providor project
CRC150900,Electricity Providor project
CRC150900,Electricity Providor project
CRC150900,Electricity Providor project
CRC151081,Electricity Providor project
CRC151095,Electricity Providor project
CRC151119,Electricity Providor project
CRC151133,Electricity Providor project
CRC151368,Electricity Providor project
CRC151368,Electricity Providor project
CRC151370,Electricity Providor project
CRC082464,Electricity Providor project
CRC121888,Electricity Providor project
CRC142008,Irrigation Scheme project
CRC150585,Irrigation Scheme project
CRC174408,Irrigation Scheme project
CRC176489,Irrigation Scheme project
CRC193262,Irrigation Scheme project
CRC193263,Irrigation Scheme project
CRC951298,Irrigation Scheme project
CRC951305,Irrigation Scheme project
CRC951327,Irrigation Scheme project
CRC162202,Irrigation Scheme project
CRC990718.1,Irrigation Scheme project
CRC150940,Irrigation Scheme project
CRC150942,Irrigation Scheme project
CRC150944,Irrigation Scheme project
CRC150232,Irrigation Scheme project
CRC981619.1,Irrigation Scheme project
CRC041010.1,Irrigation Scheme project
CRC060099.2,Irrigation Scheme project
CRC081121,Irrigation Scheme project
CRC172223,Irrigation Scheme project
CRC182780,Irrigation Scheme project
CRC184109,Irrigation Scheme project
CRC184110,Irrigation Scheme project
CRC136234,Irrigation Scheme project
CRC151200,Irrigation Scheme project
CRC161091,Irrigation Scheme project
CRC167218,Irrigation Scheme project
CRC175118,Irrigation Scheme project
CRC152927,Irrigation Scheme project
CRC172663,Irrigation Scheme project
CRC040037.1,Irrigation Scheme project
CRC030387,Irrigation Scheme project
CRC041251,Irrigation Scheme project
CRC164333,Irrigation Scheme project
CRC164334,Irrigation Scheme project
CRC173935,Irrigation Scheme project
CRC173935,Irrigation Scheme project
CRC962600.1,Irrigation Scheme project
CRC962600.1,Irrigation Scheme project
CRC962601.1,Irrigation Scheme project
CRC962602.1,Irrigation Scheme project
CRC962609,Irrigation Scheme project
CRC962610,Irrigation Scheme project
CRC962611,Irrigation Scheme project
CRC962613,Irrigation Scheme project
CRC962614,Irrigation Scheme project
CRC962615,Irrigation Scheme project
CRC962616,Irrigation Scheme project
CRC962617,Irrigation Scheme project
CRC962618.1,Irrigation Scheme project
CRC992800,Irrigation Scheme project
CRC990983.5,Irrigation Scheme project
CRC153874,Irrigation Scheme project
CRC156471,Irrigation Scheme project
CRC156483,Irrigation Scheme project
CRC156491,Irrigation Scheme project
CRC156496,Irrigation Scheme project
CRC156498,Irrigation Scheme project
CRC156541,Irrigation Scheme project
CRC156712,Irrigation Scheme project
CRC156734,Irrigation Scheme project
CRC156736,Irrigation Scheme project
CRC173933,Irrigation Scheme project
CRC183198,Irrigation Scheme project
CRC940486.5,Irrigation Scheme project
CRC010181,Irrigation Scheme project
CRC164689,Irrigation Scheme project
CRC194731,Irrigation Scheme project
CRC921547C,Irrigation Scheme project
CRC921547H,Irrigation Scheme project
CRC921547J,Irrigation Scheme project
CRC921550B,Irrigation Scheme project
CRC921550C,Irrigation Scheme project
CRC921550D,Irrigation Scheme project
CRC921550E,Irrigation Scheme project
CRC921550G,Irrigation Scheme project
CRC176650,Irrigation Scheme project
CRC163429,Irrigation Scheme project
CRC031043.2,Irrigation Scheme project
CRC970989,Irrigation Scheme project
CRC180532,Irrigation Scheme project
CRC136532,Irrigation Scheme project
CRC951619,Irrigation Scheme project
CRC951621,Irrigation Scheme project
CRC951622,Irrigation Scheme project
CRC951623,Irrigation Scheme project
CRC084036.4,Irrigation Scheme project
CRC180521,Irrigation Scheme project
CRC180534,Irrigation Scheme project
CRC181891,Irrigation Scheme project
CRC192493,Irrigation Scheme project
CRC082345,Irrigation Scheme project
CRC990851.6,Irrigation Scheme project
CRC144371,Irrigation Scheme project
CRC180498,Irrigation Scheme project
CRC180528,Irrigation Scheme project
CRC180560,Irrigation Scheme project
CRC031320,Irrigation Scheme project
CRC991035.5,Irrigation Scheme project
CRC150900,Irrigation Scheme project
CRC151081,Irrigation Scheme project
CRC151095,Irrigation Scheme project
CRC151119,Irrigation Scheme project
CRC151133,Irrigation Scheme project
CRC151368,Irrigation Scheme project
CRC151370,Irrigation Scheme project
CRC181898,Irrigation Scheme project
CRC062363.1,Irrigation Scheme project
CRC011989,Irrigation Scheme project
CRC142851,Irrigation Scheme project
CRC155281,Irrigation Scheme project
CRC155283,Irrigation Scheme project
CRC155289,Irrigation Scheme project
CRC155292,Irrigation Scheme project
CRC157146,Irrigation Scheme project
CRC171375,Irrigation Scheme project
CRC042874.3,Irrigation Scheme project
CRC051400.2,Irrigation Scheme project
CRC052157.1,Irrigation Scheme project
CRC060536.2,Irrigation Scheme project
CRC073867.1,Irrigation Scheme project
CRC130277,Irrigation Scheme project
CRC132255,Irrigation Scheme project
CRC132257,Irrigation Scheme project
CRC011148.9,Irrigation Scheme project
CRC012487.6,Irrigation Scheme project
CRC071922.4,Irrigation Scheme project
CRC054301.3,Irrigation Scheme project
CRC970050.4,Irrigation Scheme project
CRC041784.5,Irrigation Scheme project
CRC042529.3,Irrigation Scheme project
CRC990979.4,Irrigation Scheme project
CRC021157.2,Irrigation Scheme project
CRC031238.4,Irrigation Scheme project
CRC051418,Irrigation Scheme project
CRC083751,Irrigation Scheme project
CRC084996.2,Irrigation Scheme project
CRC011245,Irrigation Scheme project
CRC134808,Irrigation Scheme project
CRC176260,Irrigation Scheme project
CRC182542,Irrigation Scheme project
CRC961755,Irrigation Scheme project
CRC001229.1,Irrigation Scheme project
CRC042094.1,Irrigation Scheme project
CRC070924.1,Irrigation Scheme project
CRC134810,Irrigation Scheme project
CRC990660.2,Irrigation Scheme project
CRC990832.5,Irrigation Scheme project
CRC180558,Irrigation Scheme project
CRC166677,Irrigation Scheme project
CRC992586.1,Irrigation Scheme project
CRC040880,Irrigation Scheme project
CRC011981.1,Scottech Data Project
CRC060049.2,Scottech Data Project
CRC166200,Scottech Data Project
CRC141836,Scottech Data Project
CRC185420,Scottech Data Project
CRC981425,Scottech Data Project
CRC136961,Scottech Data Project
CRC169823,Scottech Data Project
CRC030636.1,Scottech Data Project
CRC173799,Scottech Data Project
CRC980854,Scottech Data Project
CRC020893.1,Scottech Data Project
CRC031703.1,Scottech Data Project
CRC051182,Scottech Data Project
CRC960085,Scottech Data Project
CRC054077,Scottech Data Project
CRC141350,Scottech Data Project
CRC101186,Scottech Data Project
CRC000596.2,Scottech Data Project
CRC176325,Scottech Data Project
CRC071625,Scottech Data Project
CRC001382,Scottech Data Project
CRC032255,Scottech Data Project
CRC980271.1,Scottech Data Project
CRC981199,Scottech Data Project
CRC011950,Scottech Data Project
CRC011952,Scottech Data Project
CRC136479,Scottech Data Project
CRC170956,Scottech Data Project
CRC012702,Scottech Data Project
CRC042462,Scottech Data Project
CRC090977,Scottech Data Project
CRC163038,Scottech Data Project
CRC092661,Scottech Data Project
CRC062825.2,Scottech Data Project
CRC183420,Scottech Data Project
CRC042709.3,Scottech Data Project
CRC082977.1,Scottech Data Project
CRC962188,Scottech Data Project
CRC042159.2,Scottech Data Project
CRC175731,Scottech Data Project
CRC990832.5,Scottech Data Project
CRC180564,Scottech Data Project
CRC041446.1,Scottech Data Project
CRC981744.2,Pending Data Cleaning Project
CRC012653.4,Pending Data Cleaning Project
CRC071755,Pending Data Cleaning Project
CRC171382,Pending Data Cleaning Project
CRC191331,Pending Data Cleaning Project
CRC181359,Pending Data Cleaning Project
CRC140520,Pending Data Cleaning Project
CRC150994,Pending Data Cleaning Project
CRC011989,Pending Data Cleaning Project
CRC0654514,Pending Data Cleaning Project
CRC010814.1,Pending Data Cleaning Project
CRC093392,Pending Data Cleaning Project
CRC020727.2,Pending Data Cleaning Project
CRC991974.2,Pending Data Cleaning Project
CRC174789,Pending Data Cleaning Project
CRC980139.1 ,Pending Data Cleaning Project
CRC020047,Pending Data Cleaning Project
CRC164947,Pending Data Cleaning Project
CRC094337,Pending Data Cleaning Project
CRC010037.2,Pending Data Cleaning Project
CRC174505,Pending Data Cleaning Project
 CRC990612,Pending Data Cleaning Project
CRC169605,Pending Data Cleaning Project
CRC084776,Pending Data Cleaning Project
CRC153817,Pending Data Cleaning Project
CRC176996,Pending Data Cleaning Project
CRC154437,Pending Data Cleaning Project
CRC182372,Pending Data Cleaning Project
CRC041992,Pending Data Cleaning Project
CRC140733,Pending Data Cleaning Project
CRC191698,Pending Data Cleaning Project
CRC950885 ,Pending Data Cleaning Project
CRC992662.2,Pending Data Cleaning Project
CRC173543,Pending Data Cleaning Project
CRC142143,Pending Data Cleaning Project
CRC146632,Pending Data Cleaning Project
CRC093453,Pending Data Cleaning Project
CRC164689,Pending Data Cleaning Project
CRC010927,Pending Data Cleaning Project
CRC010035.2,Pending Data Cleaning Project
CRC152927,Pending Data Cleaning Project
CRC172663,Pending Data Cleaning Project
CRC991464.2,Pending Data Cleaning Project
CRC145502,Pending Data Cleaning Project
CRC062919,Pending Data Cleaning Project
CRC161504,Pending Data Cleaning Project
CRC042826,Pending Data Cleaning Project
CRC050987,Pending Data Cleaning Project
CRC175574,Pending Data Cleaning Project
CRC182146,Pending Data Cleaning Project
CRC952586,Pending Data Cleaning Project
CRC061511,Pending Data Cleaning Project
CRC940331,Pending Data Cleaning Project
CRC190386,Pending Data Cleaning Project
CRC001377.5,Pending Data Cleaning Project
CRC146140,Pending Data Cleaning Project
CRC166228,Pending Data Cleaning Project
CRC182422,Pending Data Cleaning Project
CRC183077,Pending Data Cleaning Project
CRC192164,Pending Data Cleaning Project
CRC010190.1,Pending Data Cleaning Project
